"Spirit","Spirit"
"Skroutz","Skroutz"
"XML Feed","XML Feed"
"XML Feed: Field Mapping","XML Feed: Αντιστοίχιση πεδίων"
"XML Feed: Products and Variations","XML Feed: Προϊόντα και παραλλαγές"
"XML Feed: Availability and Stock","XML Feed: Διαθεσιμότητα και απόθεμα"
"Enabled","Ενεργό"
"One feed per website.","Ένα feed ανά website."
"Store View","Store view"
"Default store view of the website","Το προεπιλεγμένο store view του website"
"The store view that gives the feed its language, names and links. With several languages, pick the Greek one.","Το store view από το οποίο το feed παίρνει γλώσσα, ονόματα και links. Αν έχετε πολλές γλώσσες, επιλέξτε το ελληνικό."
"File Name","Όνομα αρχείου"
"Without extension. Empty: the website code. The feed is written to pub/media/skroutz/&lt;name&gt;.xml and .xml.gz.","Χωρίς κατάληξη. Κενό: ο κωδικός του website. Το feed γράφεται στο pub/media/skroutz/&lt;όνομα&gt;.xml και .xml.gz."
"Regenerate","Ανανέωση"
"Needs Magento cron. Skroutz requires at least one update a day; every hour keeps prices and stock accurate for Skroutz Marketplace orders.","Χρειάζεται το cron του Magento. Το Skroutz ζητά τουλάχιστον μία ενημέρωση την ημέρα· κάθε ώρα κρατά σωστές τιμές και απόθεμα για τις παραγγελίες του Skroutz Marketplace."
"Feed","Feed"
"Every 30 minutes","Κάθε 30 λεπτά"
"Every hour","Κάθε ώρα"
"Every 2 hours","Κάθε 2 ώρες"
"Every 3 hours","Κάθε 3 ώρες"
"Every 6 hours","Κάθε 6 ώρες"
"Every 12 hours","Κάθε 12 ώρες"
"Once a day","Μία φορά την ημέρα"
"Only with ""Generate now"" or the CLI command","Μόνο με το «Δημιουργία τώρα» ή την εντολή CLI"
"Pick the product attribute that holds each Skroutz field. Link, image, gallery, price, quantity, availability and weight are read by the module.","Επιλέξτε το attribute που περιέχει κάθε πεδίο του Skroutz. Link, εικόνα, gallery, τιμή, ποσότητα, διαθεσιμότητα και βάρος τα διαβάζει το module."
"-- Not exported --","-- Δεν εξάγεται --"
"Fixed value","Σταθερή τιμή"
"Automatic","Αυτόματο"
"Product attributes","Attributes προϊόντος"
"Product ID (recommended)","Product ID (προτείνεται)"
"Unique ID","Unique ID"
"Must never change for a product and never be reused: changing it makes Skroutz see every product as new. Skroutz Analytics must send the same attribute with orders.","Δεν πρέπει να αλλάζει ποτέ για ένα προϊόν ούτε να ξαναχρησιμοποιείται: αν αλλάξει, το Skroutz βλέπει όλα τα προϊόντα ως καινούργια. Το Skroutz Analytics πρέπει να στέλνει το ίδιο attribute με τις παραγγελίες."
"Name","Όνομα"
"Include brand, model and variant. Skroutz Analytics requires the same name it receives with each order.","Με μάρκα, μοντέλο και παραλλαγή. Το Skroutz Analytics απαιτεί το ίδιο όνομα με αυτό που λαμβάνει σε κάθε παραγγελία."
"Description","Περιγραφή"
"HTML is removed. Up to 10,000 characters.","Το HTML αφαιρείται. Έως 10.000 χαρακτήρες."
"Category","Κατηγορία"
"Category Value","Τιμή κατηγορίας"
"""Automatic"" writes the full path of the deepest active category of the product, e.g. ""Shoes > Sneakers"".","Το «Αυτόματο» γράφει την πλήρη διαδρομή της πιο εξειδικευμένης ενεργής κατηγορίας του προϊόντος, π.χ. «Παπούτσια > Sneakers»."
"Manufacturer","Κατασκευαστής"
"Manufacturer Value","Τιμή κατασκευαστή"
"Required by Skroutz.","Υποχρεωτικό για το Skroutz."
"MPN / ISBN","MPN / ISBN"
"Required by Skroutz. The manufacturer code, the ISBN for books.","Υποχρεωτικό για το Skroutz. Ο κωδικός του κατασκευαστή, το ISBN για βιβλία."
"EAN / Barcode","EAN / Barcode"
"Required by Skroutz. 8 to 14 digits; other values are left out and listed in the report.","Υποχρεωτικό για το Skroutz. 8 έως 14 ψηφία· άλλες τιμές παραλείπονται και φαίνονται στην αναφορά."
"Color Attributes","Attributes χρώματος"
"Size Attributes","Attributes μεγέθους"
"VAT Rate","Συντελεστής ΦΠΑ"
"VAT Rate Value","Τιμή ΦΠΑ"
"""Automatic"" uses the tax rate of the product tax class for the default tax destination of the store.","Το «Αυτόματο» χρησιμοποιεί τον συντελεστή της φορολογικής κλάσης του προϊόντος για τον προεπιλεγμένο προορισμό του καταστήματος."
"Shipping Cost","Κόστος αποστολής"
"Shipping Cost Value","Τιμή κόστους αποστολής"
"Only if the shipping cost is the same for every location: Skroutz drops it from all products if it is wrong for one.","Μόνο αν το κόστος είναι ίδιο για κάθε περιοχή: το Skroutz το αφαιρεί από όλα τα προϊόντα αν είναι λάθος έστω και σε ένα."
"Calculated from weight and price","Υπολογισμός από βάρος και τιμή"
"Cost","Κόστος"
"Up to the weight below.","Έως το βάρος που ορίζεται παρακάτω."
"Weight Included (kg)","Βάρος που περιλαμβάνεται (kg)"
"Cost per Extra Kilo","Κόστος ανά επιπλέον κιλό"
"Free Shipping From","Δωρεάν αποστολή από"
"Product price with VAT. Empty: never free.","Τιμή προϊόντος με ΦΠΑ. Κενό: ποτέ δωρεάν."
"Wholesale Price","Τιμή χονδρικής"
"Purchase price without VAT. The feed is public: map it only if Skroutz asked for it.","Τιμή αγοράς χωρίς ΦΠΑ. Το feed είναι δημόσιο: αντιστοιχίστε το μόνο αν το ζήτησε το Skroutz."
"Season","Σεζόν"
"Season Value","Τιμή σεζόν"
"e.g. SS26.","π.χ. SS26."
"Size Fit","Εφαρμογή"
"Size Fit Value","Τιμή εφαρμογής"
"e.g. regular, slim.","π.χ. regular, slim."
"Outlet","Outlet"
"Outlet Value","Τιμή outlet"
"A Yes/No attribute, or a fixed Y or N.","Attribute Ναι/Όχι ή σταθερό Y ή N."
"Author","Συγγραφέας"
"Author Value","Τιμή συγγραφέα"
"For books.","Για βιβλία."
"Expiration Date","Ημερομηνία λήξης"
"For perishables, cosmetics and supplements.","Για ευπαθή, καλλυντικά και συμπληρώματα."
"Country of Origin","Χώρα προέλευσης"
"Country of Origin Value","Τιμή χώρας προέλευσης"
"Specifications","Χαρακτηριστικά"
"None","Κανένα"
"Attributes shown on the product page","Τα attributes που φαίνονται στη σελίδα προϊόντος"
"Specification Attributes","Attributes χαρακτηριστικών"
"Product characteristics, written as &lt;spec name=""Label""&gt;value&lt;/spec&gt; with the labels of the store view. ""Attributes shown on the product page"" follows the ""Visible on Catalog Pages on Storefront"" setting of each attribute (Stores &gt; Attributes &gt; Product). Attributes mapped to a field above are left out: Skroutz ignores them.","Τα χαρακτηριστικά του προϊόντος, ως &lt;spec name=""Ετικέτα""&gt;τιμή&lt;/spec&gt; με τις ετικέτες του store view. Το «Τα attributes που φαίνονται στη σελίδα προϊόντος» ακολουθεί τη ρύθμιση «Visible on Catalog Pages on Storefront» κάθε attribute (Stores &gt; Attributes &gt; Product). Όσα attributes αντιστοιχίσατε σε πεδίο παραπάνω παραλείπονται: το Skroutz τα αγνοεί."
"Exclude Products Without Image","Εξαίρεση προϊόντων χωρίς εικόνα"
"The image is required by Skroutz.","Η εικόνα είναι υποχρεωτική για το Skroutz."
"Category Filter","Φίλτρο κατηγοριών"
"All products except those in the selected categories","Όλα τα προϊόντα εκτός από όσα είναι στις επιλεγμένες κατηγορίες"
"Only products in the selected categories","Μόνο τα προϊόντα των επιλεγμένων κατηγοριών"
"Categories","Κατηγορίες"
"Subcategories are included. A single product is excluded with its ""Exclude from Skroutz"" attribute. Disabled and not visible products, bundles and grouped products are never listed.","Περιλαμβάνονται και οι υποκατηγορίες. Ένα μεμονωμένο προϊόν εξαιρείται με το attribute «Exclude from Skroutz». Απενεργοποιημένα και μη ορατά προϊόντα, bundles και grouped δεν εμφανίζονται ποτέ."
"The availability text of each stock state. Products can override it with their ""Skroutz Availability"" attributes, and children of configurable products inherit those of their parent.","Το κείμενο διαθεσιμότητας για κάθε κατάσταση αποθέματος. Κάθε προϊόν μπορεί να το αλλάξει με τα attributes «Skroutz Availability», και τα παιδιά των configurable κληρονομούν όσα έχει ο γονέας τους."
"In Stock","Σε απόθεμα"
"""Άμεσα διαθέσιμο"" is for products you ship the same day: it qualifies them for Skroutz Express delivery.","Το «Άμεσα διαθέσιμο» είναι για προϊόντα που αποστέλλετε αυθημερόν: τα κάνει επιλέξιμα για Express παράδοση στο Skroutz."
"On Backorder","Σε προπαραγγελία"
"Products with backorders enabled and no quantity.","Προϊόντα με ενεργές προπαραγγελίες (backorders) και μηδενική ποσότητα."
"Out of Stock","Εκτός αποθέματος"
"Listed with quantity 0 unless hidden.","Εμφανίζονται με ποσότητα 0, εκτός αν τα αποκρύψετε."
"Hide from Skroutz","Απόκρυψη από το Skroutz"
"Use the configuration","Από τις ρυθμίσεις"
"Quantity When Stock Is Not Managed","Ποσότητα όταν δεν γίνεται διαχείριση αποθέματος"
"Skroutz requires a quantity for every product.","Το Skroutz απαιτεί ποσότητα για κάθε προϊόν."
"Enable the feed in this scope and save the configuration.","Ενεργοποιήστε το feed σε αυτό το scope και αποθηκεύστε τις ρυθμίσεις."
"store view: %1","store view: %1"
"Waiting for cron to generate the feed.","Αναμονή για το cron να δημιουργήσει το feed."
"The feed has not been generated yet.","Το feed δεν έχει δημιουργηθεί ακόμα."
"The last generation failed: %1","Η τελευταία δημιουργία απέτυχε: %1"
"The feed is larger than 10MB: give Skroutz the .gz URL, as required.","Το feed ξεπερνά τα 10MB: δώστε στο Skroutz το URL του .gz, όπως απαιτείται."
"Last generation: %1, %2 products and %3 variations in %4 seconds.","Τελευταία δημιουργία: %1, %2 προϊόντα και %3 παραλλαγές σε %4 δευτερόλεπτα."
"Not listed:","Δεν εμφανίζονται:"
"Problem","Πρόβλημα"
"Products","Προϊόντα"
"For example (SKU)","Για παράδειγμα (SKU)"
"Not listed: duplicate <%1>","Δεν εμφανίζονται: διπλό <%1>"
"Not listed: no <%1>","Δεν εμφανίζονται: χωρίς <%1>"
"No <%1>","Χωρίς <%1>"
"Skroutz Analytics: %1","Skroutz Analytics: %1"
"Generate now","Δημιουργία τώρα"
"The request failed. Try again.","Το αίτημα απέτυχε. Δοκιμάστε ξανά."
"The feed will be generated within a minute, if Magento cron is running. Reload the page later to see the report.","Το feed θα δημιουργηθεί μέσα σε ένα λεπτό, εφόσον τρέχει το cron του Magento. Ανανεώστε τη σελίδα αργότερα για την αναφορά."
"The feed is not enabled in this scope. Enable it and save the configuration first.","Το feed δεν είναι ενεργό σε αυτό το scope. Ενεργοποιήστε το και αποθηκεύστε πρώτα τις ρυθμίσεις."
"The Skroutz feed of website ""%1"" is already being generated.","Το Skroutz feed του website ""%1"" δημιουργείται ήδη."
"The Skroutz feed of website ""%1"" failed","Το Skroutz feed του website ""%1"" απέτυχε"
"Skroutz Analytics sends ""%1"" as Unique ID, of the parent for configurable products.","Το Skroutz Analytics στέλνει ως Unique ID το ""%1"", του γονέα για τα configurable προϊόντα."
"Skroutz Analytics sends ""%1"" as Unique ID, of the ordered variation for configurable products.","Το Skroutz Analytics στέλνει ως Unique ID το ""%1"", της παραλλαγής που παραγγέλθηκε για τα configurable προϊόντα."
"The feed sends ""%1"" as Unique ID but Skroutz Analytics sends ""%2"", so Skroutz cannot match your orders to your products. Use the same attribute in both.","Το feed στέλνει ως Unique ID το ""%1"" αλλά το Skroutz Analytics στέλνει το ""%2"", οπότε το Skroutz δεν μπορεί να αντιστοιχίσει τις παραγγελίες στα προϊόντα σας. Χρησιμοποιήστε το ίδιο attribute και στα δύο."
"Skroutz Analytics sends the product name of the order, while the feed name comes from ""%1"". Skroutz requires the two names to match.","Το Skroutz Analytics στέλνει το όνομα προϊόντος της παραγγελίας, ενώ το όνομα στο feed έρχεται από το ""%1"". Το Skroutz απαιτεί τα δύο ονόματα να ταιριάζουν."
"%1 configurable products are listed once, with their sizes nested, under the parent Unique ID. Skroutz Analytics sends the Unique ID of the ordered variation: set its ""Variation Unique IDs"" to ""Send parent Unique ID"".","%1 configurable προϊόντα εμφανίζονται μία φορά, με εμφωλευμένα τα μεγέθη, με το Unique ID του γονέα. Το Skroutz Analytics στέλνει το Unique ID της παραλλαγής που παραγγέλθηκε: ορίστε στο «Variation Unique IDs» την επιλογή «Send parent Unique ID»."
"Variant Name","Όνομα παραλλαγής"
"The name of a color, or of a child of a configurable listed on its own. Skroutz asks for the color in the name; other options keep the names of variants apart.","Το όνομα ενός χρώματος, ή ενός παιδιού configurable που εμφανίζεται ως ξεχωριστό προϊόν. Το Skroutz ζητά το χρώμα στο όνομα· οι υπόλοιπες επιλογές κρατούν διαφορετικά τα ονόματα των παραλλαγών."
"Name and option values (T-shirt Red M)","Όνομα και τιμές επιλογών (T-shirt Κόκκινο M)"
"Name and options with labels (T-shirt Color: Red, Size: M)","Όνομα και επιλογές με ετικέτες (T-shirt Χρώμα: Κόκκινο, Μέγεθος: M)"
"Name only","Μόνο το όνομα"
"Attributes shown on the product page, except the selected","Τα attributes της σελίδας προϊόντος, εκτός από τα επιλεγμένα"
"Only the selected attributes","Μόνο τα επιλεγμένα attributes"
"The attributes to export, or to leave out.","Τα attributes που εξάγονται ή που παραλείπονται."
"Required for fashion. Every attribute that holds a color; a product uses the first one it has a value for.","Υποχρεωτικό για ένδυση/υπόδηση. Όλα τα attributes που περιέχουν χρώμα· κάθε προϊόν παίρνει το πρώτο που έχει τιμή."
"Required for products with sizes. Usually one per product type (shoes, clothing...). A configurable product varying by a size attribute is listed once per color (and per other option), with Unique ID ""parent ID-option ID"" and its sizes nested as variations. Without a size attribute, each child is listed as its own product.","Υποχρεωτικό για προϊόντα με μεγέθη. Συνήθως ένα ανά είδος προϊόντος (παπούτσια, ρούχα...). Ένα configurable που διαφέρει σε attribute μεγέθους εμφανίζεται μία φορά ανά χρώμα (και ανά άλλη επιλογή), με Unique ID «ID γονέα-ID επιλογής» και τα μεγέθη ως εμφωλευμένες παραλλαγές. Χωρίς attribute μεγέθους, κάθε παιδί εμφανίζεται ως ξεχωριστό προϊόν."
"Do Not Nest a Single Size","Χωρίς παραλλαγές όταν υπάρχει ένα μέγεθος"
"For ""one size"" fashion items set up as configurable products: when all children have the same size, each color is written as a plain product, without &lt;variations&gt;.","Για προϊόντα «one size» στημένα ως configurable: όταν όλα τα παιδιά έχουν το ίδιο μέγεθος, κάθε χρώμα γράφεται ως απλό προϊόν, χωρίς &lt;variations&gt;."
"%1 children of configurable products without sizes are listed as products with their own Unique ID. Skroutz Analytics sends the parent Unique ID for them, so their orders are not matched.","%1 παιδιά configurable προϊόντων χωρίς μεγέθη εμφανίζονται ως προϊόντα με δικό τους Unique ID. Το Skroutz Analytics στέλνει για αυτά το Unique ID του γονέα, οπότε οι παραγγελίες τους δεν αντιστοιχίζονται."
"%1 colors of configurable products are listed with the Unique ID ""parent ID-option ID"". Skroutz Analytics does not send this ID yet, so orders of these products are not matched and the reviews widget shows nothing on their pages.","%1 χρώματα configurable προϊόντων εμφανίζονται με Unique ID «ID γονέα-ID επιλογής». Το Skroutz Analytics δεν στέλνει ακόμα αυτό το ID, οπότε οι παραγγελίες τους δεν αντιστοιχίζονται και το widget αξιολογήσεων δεν δείχνει τίποτα στη σελίδα τους."
